{
  "name": "Remix-icon",
  "author": "mozhux",
  "url": "https://github.com/mozhux/Remix-icon",
  "version": "3.2",
  "displayName": {
    "default": "Remix icon",
    "zh_CN": "中性直角"
  },
  "description": {
    "default": "Remix icon is a neutral open-source icon pack with a consistent style and visual alignment. Through careful selection of icons in the pack, the aim is for them to accurately convey their functional meaning.",
    "zh_CN": "Remix icon 是一套中性的开源图标包，风格统一且视觉对齐。通过对图标包的精心挑选，力求图标能准确传达功能意思。"
  },
  "readme": {
    "default": "README.md",
    "zh_CN": "README_zh_CN.md"
  },
  "i18n": [
    "en_US",
    "zh_CN"
  ],
  "funding": {
    "openCollective": "b3log",
    "patreon": "",
    "github": "",
    "custom": [
      "https://ld246.com/sponsor"
    ]
  }
}
