{
  "name": "siyuan-plugins-index",
  "author": "TinkMingKing",
  "url": "https://github.com/TinkMingKing/siyuan-plugins-index",
  "version": "1.4.8",
  "minAppVersion": "2.10.12",
  "backends": ["all"],
  "frontends": ["all"],
  "displayName": {
    "default": "Index Plugin",
    "zh_CN": "目录插件"
  },
  "description": {
    "default": "One click insert a index list in document",
    "zh_CN": "一键在文档中插入目录列表"
  },
  "readme": {
    "default": "README.md",
    "zh_CN": "README_zh_CN.md"
  },
  "i18n": [
    "en_US",
    "zh_CN"
  ],
  "funding": {
    "openCollective": "",
    "patreon": "",
    "github": "",
    "custom": [
      "https://afdian.net/a/MingKing"
    ]
  },
  "keywords": [
    "index", "目录"
  ]
}