{
  "name": "Savor",
  "author": "Roy",
  "url": "https://github.com/royc01/notion-theme",
  "version": "3.8.8",
  "displayName": {
    "default": "Savor",
    "zh_CN": "写味"
  },
  "description": {
    "default": "You said you couldn’t bear to consume such a feeling.",
    "zh_CN": "写味主题重制正式版发布，继续深度优化流畅度。"
  },
  "readme": {
    "default": "README.md",
    "zh_CN": "README_zh_CN.md"
  },
  "i18n": [
    "en_US",
    "zh_CN"
  ],
  "funding": {
    "openCollective": "",
    "patreon": "",
    "github": "",
    "custom": [
      "https://afdian.net/a/Savor"
    ]
  },
  "modes": [
    "light",
	"dark"
  ]
}
